Method,Synthetic AUROC,Real AUROC,Δ (degradation)
Displacement Consistency,1.0,1.0,0.0
Expected Response Dev.,1.0,1.0,0.0
Tangent Space Residual,0.9963991037300647,0.9986140625000001,-0.0022149587699353823
LSGI,0.8997347907134384,0.7997475626740947,0.09998722803934368
