Method,Cross-Domain AUROC,Within-Domain AUROC,Δ (degradation),Corr. with SGI
Displacement Consistency,1.0,1.0,0.0,0.010548654111250676
Expected Response Dev.,1.0,1.0,0.0,0.05800212322840557
Displacement Magnitude,0.9999983524449716,0.9998237116119679,0.00017464083300366973,0.022995875888811024
Tangent Space Residual,0.9989610517991302,0.9961430736786608,0.0028179781204693555,-0.06829292510231992
Response Rank,0.9992963292473969,0.9934636549360748,0.005832674311322061,0.2336889474653591
Local Density Ratio,0.9604474759456967,0.8927929352840385,0.06765454066165821,-0.28265745531168696
LSGI,0.9144139601852372,0.8066059250711829,0.10780803511405435,0.2784348125145001
