Method,Synthetic AUROC,Real AUROC,Δ (degradation)
Displacement Consistency,1.0,0.9999999999999999,1.1102230246251565e-16
Expected Response Dev.,1.0,1.0,0.0
Tangent Space Residual,0.9952550415183867,0.997084375,-0.0018293334816132933
LSGI,0.8700569741365127,0.778439937597504,0.09161703653900877
